{
  "agents": {
    "Extraction": {
      "total": 43.24762316700071,
      "calls": 2,
      "per_call": [
        25.900494959001662,
        17.34712820799905
      ]
    },
    "Grounding": {
      "total": 202.38598466699477,
      "calls": 2,
      "per_call": [
        128.69049374999304,
        73.69549091700173
      ]
    },
    "Validation": {
      "total": 38.544146125001134,
      "calls": 2,
      "per_call": [
        25.73470775000169,
        12.809438374999445
      ]
    },
    "Evolution": {
      "total": 1.6989999170036754,
      "calls": 2,
      "per_call": [
        1.2723303750099149,
        0.4266695419937605
      ]
    }
  },
  "per_paper": {
    "1": {
      "Extraction": 25.900494959001662,
      "Grounding": 128.69049374999304,
      "Validation": 25.73470775000169,
      "Evolution": 1.2723303750099149
    },
    "2": {
      "Extraction": 17.34712820799905,
      "Grounding": 73.69549091700173,
      "Validation": 12.809438374999445,
      "Evolution": 0.4266695419937605
    }
  },
  "pipeline_total": 285.8767538760003
}