{
  "agents": {
    "Extraction": {
      "total": 42.63629962599953,
      "calls": 2,
      "per_call": [
        26.565852708998136,
        16.07044691700139
      ]
    },
    "Grounding": {
      "total": 151.31089154198708,
      "calls": 2,
      "per_call": [
        86.44155208399752,
        64.86933945798955
      ]
    },
    "Validation": {
      "total": 36.89712199900532,
      "calls": 2,
      "per_call": [
        24.593940708000446,
        12.303181291004876
      ]
    },
    "Evolution": {
      "total": 2.5672289590002038,
      "calls": 2,
      "per_call": [
        1.904727749992162,
        0.6625012090080418
      ]
    }
  },
  "per_paper": {
    "1": {
      "Extraction": 26.565852708998136,
      "Grounding": 86.44155208399752,
      "Validation": 24.593940708000446,
      "Evolution": 1.904727749992162
    },
    "2": {
      "Extraction": 16.07044691700139,
      "Grounding": 64.86933945798955,
      "Validation": 12.303181291004876,
      "Evolution": 0.6625012090080418
    }
  },
  "pipeline_total": 233.41154212599213
}